problem,bitvector_size,num_rank_calls,num_iter,overhead,avg_duration
rank,100,100000,50,1248,0.000392958
rank,1000,100000,50,7040,0.000354777
rank,10000,100000,50,49024,0.000355731
rank,100000,100000,50,422240,0.000357193
rank,1000000,100000,50,3360000,0.000394257
