problem,bitvector_size,num_rank_calls,num_iter,overhead,avg_duration
rank,100,100000,50,1248,0.000358368
rank,1000,100000,50,7040,0.000359324
rank,10000,100000,50,49024,0.000353005
rank,100000,100000,50,422240,0.000376527
rank,1000000,100000,50,3360000,0.000367401
