problem,bitvector_size,num_select_calls,num_iter,overhead,avg_duration
select,100,100000,50,0,0.00831386
select,1000,100000,50,0,0.0149102
select,10000,100000,50,0,0.019198
select,100000,100000,50,0,0.0230341
select,1000000,100000,50,0,0.0278637
