problem,bitvector_size,num_select_calls,num_iter,overhead,avg_duration
select,100,100000,50,0,0.0077791
select,1000,100000,50,0,0.013162
select,10000,100000,50,0,0.0184473
select,100000,100000,50,0,0.0225322
select,1000000,100000,50,0,0.0270973
