problem,bitvector_size,num_select_calls,num_iter,overhead,avg_duration
select,100,100000,50,0,0.00798249
select,1000,100000,50,0,0.013338
select,10000,100000,50,0,0.018414
select,100000,100000,50,0,0.0232898
select,1000000,100000,50,0,0.0282823
select,10000000,100000,50,0,0.0371138
